Rating,Review_PreProcessing
3,place interest mix really cool size nice bed comfortable great location cool small bathroom fan ventilation large envelope maid ask tip clean themore
5,yes know room outdated funky charmed history isnt fun place unique wood appointment iron work chandelier blend wildly like dont staymore
5,go grand canyon phoenix visit flagstaff option night plenty history character style daughter bop hope suite bedmore
4,second monte vista okay first time problem king im much nicer comfortable bathroom great large jet bathtub renovation look fairly recent art work really looksmore
4,sure folk post negative review spot look generic chain go one partner prefer spot bit history character monte vistamore
3,good historic lot character king fourth floor good size sink small bathroom toilet shower like sort place ormore
4,great place ordinary history interesting name room film star make special kind want see ghost tell family back home
5,husband visit nearby town view property want midway point spend one night also want check local restaurant little shop night downtown flagstaff full mymore
3,like stay historic district good caters college age downtown historic district since college town decorate different name someone famous stayedmore
4,elegant art deco ask upper street noise park good easy pay across street old haunt interesting history many famous people stay tiny 216 love mauve coloredmore
5,knew could noisy night staff accommodate away musicvery lively spot old town area absolutely centralhad great vibe drink bar pleasantold worlde charm meetsmore
3,pleasantly surprise location smack dab middle thats happen flagstaff street dance go dinner shift fantastic restaurant across street monte vista cool vintage vibe staff nice roommore
3,great location nicely restore historic fun well locate room small expect main pitfall dodgy wifi poor air conditioning room
1,good locate pretty much middle town central everything youd need flagstaff short walk best restaurant atmosphere street great youre part bad wall paper thinmore
4,sister 3 night good location within walk distance main street first opinion nice room fine even though bathroom sink bedroom part doesmore
4,always want spend day one flagstaff historic hotel happy choice monte vista beautiful build yes old point right staff friendly theymore
5,nothing like stay cool rumor haunted cool town atmosphere place awesome local tourist alike fill lobby bar hallways full story staff great wasmore
3,fan historic old hotel enjoy ambience front desk lobbycoffee shop area however old arizona hotel also mean tiny room tiny bathroom fourth floor face north decent view
2,place hype substance get youre old haunt great clean sink drain dont drain hunk gross stuff imaginable also abnormally hot azmore
4,flagstaff full bland chain hotel monte vista far crowd right downtown middle action sister husband share two bedroom suite room bathroom small adequate fan airmore
1,shock go tiny filthy shower 2x2x2 impossible bend almost water pressure bathroom sink bedroom next bed closet 6more
4,stop bar walk around downtown flagstaff totally cool vibe local bikers hipster etc greet right away bartender great smile felt welcome enjoy cool beverage people watch hugemore
2,best say center historic district within walk distance many bar restaurant 30 bar scene fall bed oblivious nothing wake upmore
4,monte vista situate downtown flagstaff surround sort quality restaurant intrigue store beautiful outdoor surroundings old lot unique characteristic era build im happy note ownersmore
2,would like give good review 4th floor great view nice location bar first floor crowd loud till early morning come back day grand canyon tomore
5,head phoenix coffee flagstaff end street monte vista great staff helpful check clean spacious could dust bit well top alcove themore
5,arrive rail 2 hour 45 minute late happy neon light light wait You awesome newly remodel comfortable staff knowledgeable town helpful
2,fan uncomfortablesmall outdated ventilation tiny bathroom tiny sink sit front bed need crank head view tv bad would come back location nicemore
3,reasonable price clean unique two night would come back youre look hilton place look old time thats clean friendly walk distance train station restaurant downtown storesmore
5,monte vista historic district flagstaff fun location lot opportunity foot wonderful staff friendly clean many name celebrity inmore
3,old historic downtown flagstaff conveniently locate downtown flagstaff bob hope suite past year many celebrity like bob hope bing crosby etc also claim ghost sighting though seemore
4,great place comfortable energetic beat room date clean well laid coffee makersminifrigs etc good excuse get enjoy local flavor coffee available lobby bar pleasant caroline frontmore
4,nice see renovate operate historic build lot character upper three floor room first floor focal spot lot young people enjoy night inmore
5,historic renovate suppose haunt gem turn home run must admit bit leary husband book upcoming trip arrive saw ornate detail beenrestored withinmore
1,friend like booked 2 night friday saturday room clean theme kind small standard amenity look promising friday night come back dinner find themore
4,close amtrak station great room friendly bar nice staff good night sleep night close great place eat two different room stay
5,classic early 20th century western sit lively part old flagstaff comfortable room coffee bar regular bar lobby lively nightlife area somewhat noisy great historic photo lobby helpful staff
4,day christmas busy time night little noisy people party doesnt really bother You issue ask away street themore
4,wife way grand canyon decide one night enroute flagstaff review option decide book monte vista old town flag someone expect resort levelmore
5,girlfriend fall top floor air supply room always pleasant clean experience nice see personality
1,price noisy house guest park breakfast option staff function seem disinterested small nice bright black gunk come spa bath operate good place flagstaff one
4,old middle downtown flagstaff lot history john wayne suite 4th floor 3rd 4th floor room recommend due noise barband friday first floor suite nice thatmore
3,always like historic hotel one disappoint aspect need shop variety restaurant nearby park area really small may park onmore
4,boyfriend monte vista one night really great time could haunt well didnt get fabled room far knowmore
4,less stand centre old part flagstaff impose redbrick building 1920s replete bar pool music night lobby public room feel quite authentic bedroommore
3,thursday night extremely please assigned 4th floor clerk say would quiet facing san francisco street think wasmore
5,great historical property ton charm character lively bar lounge obviously local favorite freddie mercury 4th floor find comfortable clean detail like wood mold door period furniture etcmore
5,wonderful experience historic fit right old town atmosphere downtown old town flagstaff bar lounge lobby warm inviting name one character make famous themore
4,great youre road trip plenty character historic town centre room bite dark spacious wardrobe hang cloth heyho road trip look lay backmore
3,monte vista saturday night weekend visit daughter nau presidential sweet monte vista really interesting old great place ismore
5,monte vista two night greatly enjoy history surround building fascinate ton great local eatery bar within walk distance park little tightmore
5,come four seasonsritz kinda place funky sorta restore rustic old old downtown area flagstaff place enjoy history true throwback old west mountain day convenient tomore
3,three friend visit antelope canyon horseshoe bend page az brag haunt presidential suite less fun experience go themore
3,monte vista 2 night explore grand canyon fun place lot character avoid typical chain debbie reynolds themore
4,enjoy perfect location explore downtown flagstaff comfortable neat update bathroom need hook hang clothestowels brewery south nice craft beer nice menu
3,couple night monte vista bit nonplus name room one dedicate air supply think put janitor closet fine though themore
4,ok wasnt great clean however carpet public hallway stairwell dirty make You little concerned saw front desk staff person nice helpful wemore
3,stumble monte vista road trip girlfriend le accident didnt even really plan necessarily flagstaff relatively nice retro true origin themore
3,thrill get park right little parking lot next bar check uncomplicated like give detergent fabric softener say need laundry reason formore
4,fancy really charm simple structure service make feel part route66 history nice clean charm id recommend breakfast hotelmore
4,book today late afternoon nice mean vegas standard quaint clean really everything might need bar downstairs excellent fab bar staff exstreamly nice place ismore
5,monte vista must flagstaff build 1920s plenty character story true otherwise allegedly speakeasy basement prohibition several room ghostlymore
4,love even though build 1920s comfortable clean anthony hopkins suite 1 queen bed private bathroom price reasonable weekend summer bed comfortable andmore
3,love location place old timey charm different vastly differs next cocktail lounge bar coffeehouse locate site always fun great service hauntings always add little extramore
3,great thing downtown flag areasuper easy walk distance local bar restaurants 407 knew overlook street ie monte v lounge noise bother youpick another roomside love hearing themore
4,third monte vista course 15 year love location heart walkable downtown flagstaff 100 year old update rich varied history apropos smallmore
4,night april 16 really enjoy bon jovi funny nj cool old style roomnot much flagstaff thostopped gc way tomore
4,husband one night monte vista experience good one happily surprised ac unit 307 debbie reynolds two bar downstairs downtown location make themore
4,book ask park told small lot street park get tiny lot also serve bar full call andmore
5,great monte vista clara front desk steve kaufman friendly monte vista excessively hot weekend record heat comfortably cool definitely onmore
5,due travel agent mistake flagstaff without incredibly fortunate saw really oldfashioned quaint amaze atmosphere great bar buzzing wholemore
2,get eclectic historic thats really excuse bad service wasnt enamor lack ac basic creature comfort find budget motel come housekeepingthis ridiculous leftmore
5,absolutely love charm much history fit perfectly flagstaff vibe two bar coffee shop walk distance ton bar restaurant wouldnt next time visitmore
5,locate center downtown flagstaff historic cool enjoy near restaurant bar really recommend 3 time flagstaff time get reservation dropmore
4,place locate middle historic downtown perfect since walk street dinner go bar hopping youd like park lot small true havent problem find spotmore
4,love go favorite haunt yes experience kind supernatural event however last visit year encounter felt light squeeze throat sleep thatmore
5,favorite flagstaff location location location din go bar hopping room clean different one another bed always extremely comfortable love look window people watch realmore
5,wife something go sedona last saturday morning chose flagstaff never close sedona like classic hotel popular chain hotel read amore
3,time wife travel flagstaff always place ive always want monte vista nearby weatherford however recent trip lakemore
2,loud amenity way price well hotelsmotels area amenity one would expect motel 6 even good place there hardly park people go bar take parkingmore
3,nice historic cafe downstairs great dont choose option share bathroom 2 tiny bathroom entire floor dirty hair use soap use towel andmore
4,like ambiance location little hard sleep noise bar next time ill try ask far away area possible restaurant good front desk helpful
4,old full old time charm amenity fine everything work go bar around 830pm week night pack local tourist alike great atmosphere meet terrific people everyone wasmore
3,great location right heart flagstaff downtown walk everywhere clean comfortable big negative two bar attach great get drink noise last night long people aremore
4,come check flagstaff daughter know wanted make interesting fun choose history charm read negative review know get nomore
4,fast check wify work good sometimes super clean ok suite put two bath towel 4 little space put tooth brush comb etc etc oldmore
4,since four You need double spacious comfortable wall furnishing shade deep green give warm soothe feeling bed firm comfortable although found pillow bit overstuffedmore
5,motel great historical place staythe room nice comfy locate right downtown walk distance great place shop eat cocktail lounge sit enjoy amore
5,ok want typical people want experience flagstaff old carpet old rocking chair old dresserand great bathroom small care ifmore
3,old railroad little leery read review come conclusion lot people whiney go flagstaff see jesse cookemore
4,monte vista right heart downtown flagstaff youre surround every direction restaurant coffee shop bar store activity within walk distance get two solid establishment downstairs without ever even go outside room amore
4,actually live flagstaff night girl could look ghost ghost find bar continue place incredible amount character classic historic
3,take good look around local say one first hotel go consider briefly stay want double book room sake experience driveon look
5,12 day recent holiday know son manage rendezvous bar good bar everyone work go beyond make You comfortable spent number nightsmore
5,bar great employee happy fun provide great service waste time gopher hole end night monte vista great time great ambiance stage always perfectmore
5,usually interest haunt place one get place apparently several ghost couple story regard third floor get eerie feel walk believe thing normallymore
4,great location downtown flagstaff truly fun even explore area walk old lot charm humphrey bogert theme two barsmore
3,one night nov 23rd 2015 passing thru flagstaff 310 tiny equip everything need bathroom super tiny much sink outside bath main part themore
4,boyfriend part You road trip 2 night lots history cool bar great service also gig venue serve till late receptionist helpful arrive late sunday recommend somewhere eat andmore
1,daughter tenth anniversary plan monte vista parking lot nightmare figure suppose park park car go check tell couldnt park go outmore
3,liked flagstaff much want note route 66 good option okay tiny bathroom size utility cupboard didnt expect roommore
4,read review wasnt sure expect arrive met wonderful staff wonderful whole dontstay look modern look youmore
3,friendly service bar great coffee drink well full bar big window high seat watch world walk meet corner didnt historical centrally locate themore
5,place hand favorite flagstaff generally good pricing choice bedroom bath bedroom bath share whole floor 30 dollar price difference usually always go shared bath doesnt make muchmore
3,charm old character unable get sleep noise bar noisy police outside window break disturbance sound like employeesmore
3,bed comfortable good size bathroom difficulty apparently deem meat man ex isnt big paranormal however didnt really investigating lot ofmore
3,ok old charm room hardly change add charm modern day room come expect popular withmore
4,location great parking right around back cute coffee shop stairs corner clean tidy staff friendly helpful property old well maintain management dont advertise anything isntmore
2,looked central location settle monte vista find comparatively pricey ac job toilet cistern leaked water floor would havemore
4,mention location great near anything need get town lobby bar great pricing service downstairs bar much cocktail server linger bar bartender walk past You nothing front You atmore
4,want see historic house rich famous desk staff tell couldnt take picture bad since good photo ops 1920s style lounge comfortable lounge area front withmore
2,october 9th friend night locate san francisco st locate close many shop restaurant bar friend one book excite consider havemore
2,drywall crack olde tyme poster look like dust 70 light emit window lackluster fabric drape middle night noise disturb sleep inattention detail make place avoidable could fun locate middlemore
5,monte vista downtown flagstaff many restaurant within walk distance old however clean recommend stay fourth floor since bar ground floor
1,first web page mislead party past monday night bar yes bar open till 2 college student jammed place full loud restaurant turn itmore
5,monte vista several time plan every trip take flagstaff location perfect want explore flagstaff historic downtown foot lot shop restaurant nightlifemore
1,emplore everyone listen trip advisor review monte vista 1 star 5 star reason room ridiculously small everything bathroom tomore
4,sweet old bustling old downtown flagstaff ton restaurant stuff nearby quirky clean cable tv mediocre internet limit parking staff accommodate request away lounge nightlife althoughmore
5,great old dont think youre get every bell whistle five star room funky small bathroom shower character character character locate downtown close virtually every place would wantmore
4,brother live flagstaff first visit give choice mom pay want grand historic conventional glad choose grand historic center everything service wasmore
4,beautiful old building great big neon sign top there nothing fancy place youre look anything clean affordable 3 star accommodation monte vista probably isnt youremore
2,grown flagstaff one enjoy downtown flagstaff thought would fun downtown trip visit family big mistake super loud party downstairs bar downstairs late rate towel postcard stampmore
5,good picture online employee great area ambient young full energy love part flag love tip ice machine bar downstairs give youmore
3,monte vista one night get away heat midsummer phoenix great example early 20th century americana think classic route 66 built 1926 town flagstaff well worth tripmore
2,location charm lobby appeal shabby poorly maintain require intervention manager fix make work several item light television request extra hanger ask multiple time themore
1,refurbish washbasin small use dusty placeswindow area tv set etc stay check park give detail end pay 150 unclamp hire car wemore
5,everything monte vista wonderful soon walk lobby felt like enter another era every staff member extremely courteous helpful include staff coffeebar rendezvous amazing coffee greatmore
4,although charm old clean happy see air condition unit insert window flagstaff experience extreme high temperature small parking lot get early enoughmore
1,go concert book two room one You one kiddos choose due downtown location wake around 530 something crawl sit saw little bug themore
3,prefer historic hotel flagstaff two maybe three historic hotel rest 1950s motel modern lineup traveler hotelmotels monte vista choice seek downtown activity aremore
3,frill mean central air conditioning room name people name whiskey jack daniel two room double bed join jack jill bathroom noisy atmore
1,staff rude helpful air conditioner loud wake middle night carpet dirty gross positive feature go location
4,love location however bathroom par shower exceptionally tiny become nuisance sink put anything window unit ac chug along probably would sufficemore
4,thursday night way grand canyon perfect location walk around bar restaurant historical ambiance 217 themore
4,one night five star experience fun memorable room weird clean didnt see ghosties location heart historic downtown somore
5,point name famous notable person employee walk happy give You brief history 210 corner overlook san francisco aspen anywaymore
3,2 night bob hope suite two bedroom one bathroom bed comfortable clean old furnishing interest place find front desk friendly helpful coffeemore
3,get back monte vista night 412 sure place old also ooze charm grant ive look picture think opt priciermore
4,purportedly haunt historic establishment aura conducive ghostly aberration 5 story build 1928 situated heart flagstaff’s historic district appurtenance need ethereal appearance walk monte vista likemore
3,impression start call book day front desk clerk less friendly polite give rate onenight tell website upmore
1,one night ok bath even though pay 90 lobby charm supposedly haunt staff friendly 208 soon open door weremore
4,place wonderful experience attentive service price point completely acceptable deal run time time historic haunt connected bar coffee shop club great location room havemore
4,old fasioned dowton king plenty space bathroom tight park around corner may issue park busy day park open evening
3,one night unfortunately ghost street side mistake loud awake multiple time night staff polite parking problem comfortable otherwise
4,night family clean nice decor historic place fun unique lounge atmosphere enjoy place much would love despite apathetic staff thismore
4,want hilton dont come homogenised modern go monte vista something different indeed staff helpful bar busy service good would absolutely would try themore
4,drove chain motel way flagstaff airport im glad book monte vista character history locate right middle historic area flagstaff
3,friday december 19th clark gable lady check attentive helpful check quick efficient large others report bathroom small clean everything work themore
1,1 night road trip grand canyon poor service check wifi didnt work first arrive spotty next morning comment check tell thatmore
1,recently one night recommendation close orpheum theater ticket show thats plus carpet stain look like even vacuum pillow must havemore
3,monte vista one night travel phoenix grand canyon 407 pretty spacious include kingsized bed 2 relatively small pillow bathroom pretty small tiny showermore
1,rag party next You last night one anything lobby restraunt bar lovely need new flooring curtain pillow bed shower tiny hearmore
4,son book You monte vista need break sure happy second floor bar right worry go noisymore
4,enjoy clean bed comfortable bear cocktail bar make 5 year old big best shirley temple ever christopher housekeep share several fun ghost story let You see number room wasmore
5,monte vista popular haunt john wayne outstanding take stair might see former guest year go location perfect anything might want staff greatmore
4,husband decide go flagstaff first time husband birthday didnt book ahead time thought would drive flagstaff find place werent impressed flagstaff untilmore
4,two queen suite w connect bath dramatically decorate red bath clean bed ok wifi work well friendly staff great location flagstaff great shops restaurant wonder around within walkingmore
3,start say staff great immediate issue lock window right check two people walk immediately take care slam hard enoughmore
3,location perfect shop restaurant bar feel date even bit dirty character room dark werent comfortable old hotel throughout az leastmore
4,reserve place anticipate elegant another time feel much however room nice bar downstairs seem popular live band
2,thing redeem location rendezvous bar otherwise go somewhere else room wear date bathroom small towel even tiny ask extra towel two front deskmore
1,dont clean room staff extremely rude clean staff ask tip leave use condom bed told manager never bother refund 140 per night even apologize matter staymore
1,monte vista market stupid people claim haunt haunt could owner put minimal effort upkeep historic brick exterior hide tremendous dump horribleness thismore
4,visit monte vista summer location great exactly need beclose nau walk distance downtown suite small clean work well need parent adultmore
3,monte vista right heart downtown flagstaff within walk distance many bar restaurant staff bar front desk incredibly friendly helpful able direct You everything need frommore
1,wanted historical nature enjoy visit historical place homework online place reserve 4th floor bathroom include already know park situation basically 10 space entiremore
3,historic haunt say didnt hear bellboy roam hall night knock door reasonably price around 70 2nd floor right street loud night drunk peoplemore
5,check late night without reservation great service brandon love historic brass bed great soaking tub hot water romantic decor walk distance several night spot university campus great time
4,first understand flagstaff college town old downtown area parking challenge notice also downtown flagstaff lot bar want quiet night sleep uninterrupted folk yell stuff street 2ammore
4,old building nice receptionista ok sleep friendly bar staff good locate fine travelersll go back like scenic building scenic villagecool breakfast muffin look well home make
1,cant pay enough arrive 3pm checkin time tell 1 ready give key refuse key turn room weremore
4,5 night thoroughly enjoy cheap come park free internet price get pay big tiny shower toilet internet flakey park wasmore
3,park problem get paper dashboard go find something public park area friday street full park 3 block away convenient carry one suitcase themore
5,cant count many time love property yes bar noise train noise street side need quiet ask back side less tomore
3,haunt aware wont sleep baby cry ghost people street bar close 2am 4am good join imore
2,drive route 66 spent one night relax enjoy charm nothing true main street tremendously noisy hot water cause define problem even ifmore
5,glad find monte v night flagstaff head canyon next morning fun place employee desk supernice room quaint clean would bore senselessmore
2,get really bore swelter summer phoenix husband decide take trip flagstaff night enjoy cooler mountain air choose monte vista location central tomore
5,decide historial landmark usually lot character claim haunt room name movie star monte vista right middle downtown flagstaff room adequate andmore
5,boyfriend stop way new mexico vega love individual characteristic freddie mercury overlook street bed really comfortable also several coolmore
5,love experience monte vista downtown flagstaff decor wonderful definitely vintage character staff exceptionally helpful friendly especially dean barista visit soon
5,course old world charm mean care beautifully furnish clark gable suite overlook street find warm cosy great ambience wonderful helpful staff great location themore
5,monte vista reminder elegant time room small clean nicely maintain girl front desk helpful able recommend restaurant drinksexactly would hope toldmore
4,didnt see ghost room small really cool like historic hotel really enjoy monte vista husband also cocktail bar quaint totally worth stayingmore
4,love charm historic idea old film star back problem noise spacious comfortable staff helpful recommend wonderfulmore
2,recently monte vista memorial day weekend location great service pretty good noise level completely unacceptable wall paper thin hear music club noisesmore
3,best thing place location heart flagstaff historic downtown otherwise drab pricey pay 100 queensized bed private bath little bit ofmore
4,daughter recommend mentioned modern nostalgic central downtown find convenient clean bed comfortable bathroom verymore
5,nowhere book flagstaff go first monte vista get great big sign top affordable around 89 plus tax wasnt huge clean comfortable kind ofmore
5,several time monte vista ghost hunt trip room clean warm comfy always get bon jovi also know rock chair much success asmore
4,monte vista year never complaint keep mind historic many upgrade make 32814 remodel last year bed extremely comfortable softmore
3,two night old thought atmosphere room pretty cool staff extremely rude disrespectful ignore You wouldnt look You speak helpfulmore
1,fiancé think one night getaway would relax lobby beautiful staff friendly room horrible sink dark shower toilet tiny canmore
2,ive numerous historic character haunt local flavor hotel one low list term quality value nothing bad waking 1230 sound couple next making verymore
1,recently friday night old lobby lot charm 100 second floor way overprice size largemore
1,general manager never experience lack service confront anywhere else professional personal travel shame quite honestly property wellmaintained wasmore
1,impressed staff impersonal little people skills certainly value travel orlando previous able gauge establishment previous five hotel motel didmore
4,cool place old charm 404 happen spencer tracy’s comfy cozy – complaint replace key day magnetic strip day adventure last thingmore
1,old dusty sad pea green 5 watt light bulb tiny bath dusty blind creepy carpet insufficient towel indifferent staff nice downtown plenty well choice convenient location elsewhere flagstaff
4,two bedroom sweet another couple share one bathroom 89 buck night john wayne suite mean couple poster give johnmore
4,ab fab time 2 nt whilst stay grand canyon tourbar staff greatatmosphere enjoyablecentral friendlyvalue money corner suiteswadee restaurant across road plus
2,ok let put straight although europe ive come phoenix many year never ask told european id valid order alcohol form identification need amore
5,boyfriend couple week ago another old near couple month previous easy make comparison much enjoyable female front desk wasmore
3,tend like boutique hotel personality little avoid chain hotel every different lot history room private bathroom share always choose private theymore
4,look old quaint convenient plain old comfy without new glitter definitely isnt new go quiet middle downtown bar firstmore
4,really enjoy enjoy learn history check easy comfortable staff nice enjoy relax bar old prepared accept charm oldermore
4,fun funky place heart action room fancy expect historical building really enjoy talk bartender mv bar tell You ghostsmore
5,ive stay monte vista two night road trip bring flagstaff able establish fresh ambience maintain historic charm build 1924 themore
2,place seem charm great location downtown big disappoint get suite old kind fall apart like idea historic need major update price wouldnt againmore
2,first warn stay family member sucker historic hotel figure check go smoothly upon arrive door still open ragwe wonder housekeeper hadmore
4,monte vista great location unique set bar restaurant pool lounge premise oh mention love band yeah park bit difficult find end garage across street
4,cookie cutter quirky bit creaky quite comfortable bar lounge jump saturday night quiet kind experience rather place sleep staffmore
3,husband two night thursday friday night week camp utah request top floor receive 407 overall comfortable feeling gladmore
5,surprised negative comment tripadvisor two day find great loved location like really liked staff often travel inmore
1,travel route 66 decide wanted night end pay lot accomodation night shock along staff motel routemore
3,yell drinker outside downstairs til 2 mid week apart nice old one cute clean great location centre town bar downstairs cheap 250 microbrew beer excellent cocktail wouldmore
5,usually budget motel like motel 6 felt like stay downtown v right freeway location awesome right heart downtown flagstaff great food shop close impress themore
3,make ghost theme guy 80 expire haunt didnt see ghost stay cool oldmore
2,good location didnt like room small tired theme room name actor singer queen deep purple decor make dark dull bit tackymore
3,like location old town flagstaff history oldtime decor fixture didnt like street noise go night tiny bathroom small size roommore
2,group woman get together one night monte vista little bit ghost hunting report haunt get two room first jack daniel suite jack danielsmore
3,one advantage drive route 66 recommend centrally locate towns city route 66 go centre town monte vista could hardly centrallymore
1,check late friday night find give bar music play 12 1am small two closet combine didnt mind want support amore
1,overprice pro get history clean cocktail bar con basic doesnt even proper curtain thin voil 6am super bright couldnt sleep shower toiletmore
4,overnight 29052013 route 66 trip pay 10131 breakfast include location spot central basic bathroom tiny hey want sleep somewhere tomore
2,history ghost neither good excuse charge 100 tiny tiny soggy uncomfortable mattress bathroom frankly inadequate plus added thrill themore
5,historic long list celebrity whove writer intentionally choose zane gray spacious comfortable little different stay modern day motel thatmore
3,monte vista theme room like gene autry freddy mercury etc room nice old fashion room without plumb make sure know get nice staysmore
4,year fascinate hugh neon monte vista sign roof old brick structure downtown flagstaff fourth july book thirdfloor corner could view parade build 20 hotelmore
1,im sit king size bed 110night contemplate throw faux antique wooden chair window band thursday night front desk inform band play crappymore
4,micheal j fox suite great history buff really enjoyed charm add oppose cookie cutter room find major chain lounge always great look forward stay
5,drive tucson flagstaff spend weekend explore boyfriend give free reign plan exactly go spend time 100 stuck stay monte vista im incredibly happy sometimesmore
3,excellent location downstairs bar coffee shop wonderful look unique place get reservation weird dont know many cancellation get 3 room want paper workmore
3,405 anthony hopkins suite way resemble suite small double bed wall one side make hard get toiletshower area small enough bemore
4,walk distance everything downtownrelated place old funky wonderful cafécocktailbar make mean bloody mary amongst thing cool bar live music friday night anyway want peacefull surroundingsmore
4,history accompany character make fun place locate right town give refresh night life go check instead shut night themore
4,want convenience modern try one soulless chain outskirts flagstaff historic district want heart lively town monte vista place room aremore
4,fun place downtown flagstaff third time enjoy activity within walk distance family yes park scarce yes could use new carpet room thats bathroom closetmore
4,friend monte vista one night june 2013 give barbara stanwyck two queen bed second floor face street fairly large besides two bed itmore
3,old fine like old first floor bar incredibly noisy absolutely quiet second story room bob hope suite adjoining room bed 4 plus rollaway room relativelymore
5,monte vista one night way gcnp early june love everyone room outdated modern fine husbandmore
3,book may 2013 visit grand canyon organise grand canyon international hostel literally road average outdated decor include furniture three ofmore
4,another first night flagstaff switch monte vista second night due location couldnt happier room pretty old fashion great charm bar ismore
4,location reason keep come back third weve learn thing room clean location great staff mostly friendly though time completely clueless unconcerned dontmore
2,extremely surprised point laugh kid first music must right underneath didnt stop till 3am 2 suite withmore
3,mixed feeling monte vista location ideal right town centre character place tourist want something different many ghost story attach place definite drawmore
4,whim decide overnight flagstaff monte vista land spot lobby update mindful historic architecture entire downstairs good dose educate historic preservation impress You roomsmore
1,dont one bad hotel ive ever dont mind rough stay quirky little motel hostel campground love camp ill sleep star dirt ground issue butmore
4,use monte vista “buffer” lodge amtrak arrival train departure week later charm quirky vintage furnishing color range shock orange bore beige show agemore
2,ooooy think stay historic yes old historic youth hostel large enough bathroom compose toilet section 3 wide amore
4,didnt see hear paranormal activity smell 311 get ready go bed sudden mysterious odor smell like rotten egg fart four ofmore
5,plan hit ale trail monte vista perfect place six stop trail easy walk distance great little place room big much youmore
3,famous movie star stories ghost fascinate room like motel 6 anyway right middle fun shop restaurant bars staff friendly helpfulmore
3,room name famous mostly dead people clark gable spencer tracy think gene tierney room definitely old feel layout decor etc historically ormore
3,monte vista mixed bag railroad build circa 1927 lobby common area downstairs capture era nicely lobby rendezvous bar really capture essence old establishment firstmore
5,second time stay know go fun time last time go september last year right start go community college andmore
4,totally different staywe spend incredible weekendgood locationthe park space limit difficult time find parking spot saturdaywe get early friday get enjoy first friday next day citymore
3,really disappointed monte vista friend look fun place would give You good story tell knew suppose historical haunt thought wouldmore
4,location location location right corner san francisco aspen walk town browse shop foot ache need drive back step inside monte vista cafebar lively atmosheremore
3,interesting place mean new room small much do update historical nature think purpose room large depend upon howmore
4,tired old super 8motel 6 take chance monte vista love ton character neat clean great lively low level bar fact vote best dive bar would
1,boyfriend drive monte vista night little paranormal investigate hobby celebration birthday arrive go roomthe door beenmore
5,absolutely love monte v ive read several review claim place old dumpold yes dump give break want modern best western type place completely void character thenmore
4,ok name michael stipe rem thats great start old downtown one two bar good restaurant nearby comfortable quiet staff helpul enjoy stay
4,block amtrak station hear train convenient You get late train start overnight get rental car next day late enough eat breakfast
1,saw photo website look like nicely rrestored old ive others nice monte vista mess 222to queen bed shove cornera piece plywood nail wall formore
4,right downtown flagstaff within walk distance restaurant shop bar coffee bar lobby well bar service great clean old buildingmore
4,three You one night presidential suite two room share bathroom love location doesnt come much good staff friendly clean tidy building wonderful littlemore
1,sean manager monte vista would credit park ticket incur ineptitude sara newly hire clerk give park voucher good two hour andmore
4,monte vista several time flagstaff funny quirky place enjoy understand visitor easily entertain rendezvous bar locate first floor corner ofmore
4,plan day trip get snowed choice blizzard make impossible drive woman desk nice hospitable get betty white roomcali king bed 4 bigmore
4,great view charm decor slept well bathroom small charm service nice even lent You cork screw bar open wine buy street wemore
4,rating base single night historic set recommend recommend traveler flagstaff avail opportunity step back time night bare clean cowboy thatmore
4,ok old painting furniture like old hotel middle downtown slept freddy mercury 4 th floor corner extra window yes farmore
4,boyfriend arrive flagstaff today love right away downtown area fantastisk great restaurant course monte vista perfect good price stay downtown
3,best thing location right downtown free parking room decor date carpet need renew room could cleaner carpet crumb still breakfast included little onmore
2,second trip flagstaff deposit daughter nau think would fun downtown great vibe good food atmosphere book monte v local call first indication ofmore
4,different name famous person jane russell 312 red everything red wall ceiling bedspread etc large bathroommore
4,perfectly situate centre busy cosmopolitan flagstaff certain seedy elegance errs side charm room name previous famous guest nice touch excellent bar adjoining themore
1,staff arrogant first interaction halfway check You front desk guy start chat staff member 10 min park limited dont mind walk two block enough public parking locationmore
4,leave new mexico morning cross northwest part arizona come hiway flag north biker buddy dennis wait hiway 89so head flag first stop c store cokemore
4,absolutely loved place room ritzy clean comfortable location excellent several great eatery around lounge pool table make couple cocktail pool game fun without worry get amore
1,ask see pay may say “we don’t give tours” say “i don’t want tour want see look like “historic” whether look like amore
3,historic smishtoric place scary first allyou make sure ask bathroom otherwise share one hallwaydorm style secondly picture website apparently upper floor havemore
4,spend 3 night well worth every penny location middle downtown flagstaff location convenient walk around downtown nau go many brewery nearby andmore
4,great time night spend way santa fe nm way back california ask jane russell like red supposedly slightly hauntedmore
4,quaint acceptable typical mature usa town great bar downstairs breakfast helpful staff like memorable
4,one two hotel historic downtown area flagstaff choose one offering twin bed wonderful location within walk distance plenty restaurant shop oldmore
4,lobby quaint coffee pot lobby must purchase coffee bar park difficult space available next 10 park available lot across street quiet train noise issue train domore
4,lovely old fashion good value though dont offer breakfast bathroom tiny good restaurant around within walk distance would
4,husband enjoy historical hotel plan trip north arizona decide spend night monte vista way home centrally locate historical downtown area near great breweriesmore
5,interest fun centrally locate everything cool flagstaff name someone famousrooms decorate old school great change
3,one night sept 05 part trip grand canyon book 2 night hint issue much train usedmore
4,large group 10 people get 3 room jack daniel suite gary cooper air supply room nice staff friendly go barsmore
4,book last minute trip flagstaff get queen share bath spacious comfy sink actually surprise share bath wasnt bad always cleanmore
4,husband get king suite babbitt 3rd floor spaciousespecially oldhistoric like much come back flagstaff another nightthismore
4,wife monte vista three enjoyable night september 2011 part 2000 mile road trip visit place interest within state nevada utah new mexico arizona full moviemore
5,might even stop flagstaff except give 3 young men ride town walnut canyon national monument saw monte vista tall old neon sign top 4 story building though wasmore
4,three woman travel grande canyon phoenix stop overnight flagstaff want able walk charm little restaurant bar shop uptown area choose historic monte vista first stop themore
4,ok read review amaze picky people could old historic keep much old fashion charm possible cleaning modernize bit luxury unless look intomore
3,spent 2 night may 2011 think time upgrade although quite large toilet shower tiny basin clean teeth main withmore
4,first comfortable area clean good food restaurant nice bar staff great front door service friendly helpful competent ill visit
3,couple friend go suppose haunt well hear lot claim go wall seem paper thin heard baby cryingmore
4,reception good friendly nice clean zane grey front corner wondow view two side adequate clean picture book wallmore
4,need flagstaff one night promise luxury stay monte vista november 12 2011 saturday night around 530pm cool rainy night park car accross streetmore
1,start park first come first serve first nightmare night staff management bad truly believe could care less anybody stay allmore
2,pretty much disappointment could good tired room dirty stain carpet funky layout much way decor smell bug spray also completely clean previous occupant still trash inmore
4,flagstaff last en route stop arrive phoenix arrive cold wed hop check full desk manager point You monte vista checkin process quite painlessmore
2,friend didnt make trip recommend yes downtown old room smell shower small could hardly turn around im 185lbs room bar window open get 2more
1,monte vista couple year ago say one bad experience live yes bar quaint martini good reception area interest wasmore
4,get brought surprise 2 day one night getaway boyfriend never flagstaff didnt quite get miss terribly continue contemplate go nau didnt spend ton ofmore
1,overwhelm stench similiar dead animal intense mildew cold unfriendly arrive dark amtrak find another would difficult sleep clothes minimize contact view window mountain view butmore
5,go see ghost didnt see ghost find best bloody mary ive ever great bartender staff friendly ive tell everyone place visit rendezvous bar bloody marys aremore
3,monte vista august 2010 search around supposedly haunt hotel northern arizona area weaksoft spot ghost legends booked two night 303 babbitmore
3,incredible location would vow never return old pretty clean clean enough would willing shower without flip flop bed fine exactly comfortable alsomore
5,midaug 2011 experience gary cooper picture two middle age best Get A Life pal one 10 year old boy fight get middle one huge bed elect tomore
2,husband decide try quaint little visit town one night get queen private bath 90 retrospect wouldnt pay even 40 front desk staff wasmore
2,prepared noise around busy weekend flagstaff pick great location problem ensure wont there little park staffmore
5,ive many time dont want noise dont downtown bar people go 2am go home dael really like place surprise see flat screen tv mymore
1,great location nice lobby friendly receptionist yes place tire dreary consider cost 90 major problem rather filthy poorly keep king size pillow standard size pillow case leave part themore
1,im journalist recommend monte vista recent road trip story write major national woman magazinewithout stay first occupational hazard journalism todayyou cant always visit place write especially feature 27 city inmore
1,book monte vista read review take risk ignore bad review location mistake every single negative comment true thing go location ivemore
1,7611 noticed way home 3 bite back arm back phoenix still wake new bite arm stomach 3 day monte vista vacuumedmore
5,okay look hyatt clean room modern amenity look elsewhere look right mix downtown flagstaff cool old ton history character galore place awesome cute bar downstairsmore
1,staff terrible completely rude owner worse want luugage steal love file police report treat sub human owner ask luggage
4,husband love monte vista like cold shiver bed good size location great walk 3 block brix great dinner right route 66 etc
1,go daughter graduation nau felt like chinese restaurant call presidential suite 2 bedroom bath paint red black gold chinese dragon wall hideous paidmore
2,run famous past room outdated loud short high price get
1,partner route 66 experience iconic expensive treat along way approximately 100 night small air cupboard home paint claustophobic dark red blue evenmore
1,terrible place try spend locally cost 1100 auto repair beside old remodeled time fight break run dive bar bouncer move itmore
1,would like say something nice place however nice part make angry see room hmv put money lobby none room crampedmore
1,first arrive monte vista seem serviceable enough small adequate overnight near train station favorite breakfast joint flagstaff mariannes orpheum theatre charm hmv ismore
4,love many reason usually reasonably price take dog haunt 2 bar centrally locate many time many friend older butmore
4,good locate downtown lot restaurantsshops nearby 2 bar locate 1 bar 1 coffee shopbar unique quick check incheck price bad thin wall guy walk hall 7am yelling nice quiet hallway stuff peoplemore
5,one fave hotel time space always wonder 1975 go die know eclectic decoration colt 45 floor lamp mystery vend machine add certain sparkle charm surroundings themore
4,grand old well preserve many architectural flourish staff friendly room basic comfortable us famous guest hook name room john wayne suite zane gray suite bonmore
4,spent couple night monte vista enjoy every single minute 2nd floor clean bathroomshower yea bed extremely comfortable yes themore
5,great 4th floor get ready party
3,spent second night flagstaff monte vista first night full read holiday guide place rowdy night decide chance anyway two lady reception metmore
1,think discover gem walk lobby monte v cool lobby martini bar midst old downtown spent time clerk pick reserve good base map andmore
1,look forward stay historic old arrive 100 rental car dark damp air condition screen couldnt even open window bathroom filthymore
3,arrived flagstaff late friday reservation find nonsmoking double monte vista pretty standard back clean slightly small bathroom slightly worn overall fine severalmore
4,updated year havent gutted built howard johnson inside original building however air supply clean comfortable decor goofy yeah blue wall ceiling withmore
1,user rating 1 5 star kammi 04192010 worth stay park issue problem reservation well mom book gift whenmore
2,weve never excessively nice really go downhill look like hadnt update 20 year go way beyond old time atmosphere bathroom outdated chose even use themore
3,historic 2 block amtrak station convenient You train folk basic sleep accommodation restaurant attach downtown area close shop one auto though staff wasmore
4,old sister family 2006 good thing say excite book vacation girlfriend book online easy specify haunt room pleasemore
4,charm friendly helpful staff great location really enjoy
5,definitely agree earlier person tell whiner mv clean fantastic location affordable roomy yeah didnt get pink jack daniel dark red carpet drapesmore
1,sometime middle night cadre drunken hooligan decide profess love lionel rest thundercats thundercats ho line repeat top lung regard themore
2,one noisy hotel train dont keep awake patron bar downstairs suppose free wifi system work mobile useless usmore
4,love history location fun take shot beer cocktail lounge play alittle pool walk around beautiful old town course train noise flagstaff locationmore
3,family rent presendential suite one night 122709 historic various stage restoration reviewer give place bad rap likely accostomed stay howard johnson hilton can hotel thismore
2,dont debbie reynolds everything neon pink even floor grout face street either snow plow train seem run nightearly morning hair dryer quit outlet could use sink wedge wall cabinetmore
5,adorable historic cute mountain college town even rumor house ghost front desk give list legendary ghostly visitor blast opt sharedmore
1,horrify state room one freddie mercury dark dank felt seedy pornlights work properly carpet filthyyes filthy window blind aircon dirty go beyond atmosphere character itmore
3,husband return trip state flagstaff one chosen destination ok place visit make mistake reading review people write hotelthe train roar hour ofmore
5,like clone hotel dont room individual many name famous guest ask patient elderly lift want character friendly staff centre thing thismore
2,wife decide get away phoenix heat get flagstaff weekend read review monte vista pretty much know get staff helpful lobby verymore
5,monte v many time year think way past time review clean pleasant dank place ever im flagstaffmore
1,husband travel another couple offer presidential suite two bedroom common bathroom pleased upon check entrance charm character often miss modern hotel plus locationmore
5,wife veteran vacation traveler every level accomodations imaginable generally avoid generic chain seek unique historic boutique sole proprietor property offer monte vistamore
5,travel around america fair bit know difficult find interesting characterful accommodation near town centre often dispirit trawl stripmall desert downtown give andmore
4,like bulk standard chain hotel cant tell city youre dont go monte vista like indivdual hotel character atmosphere historic right middlemore
5,sun sound beer festival 2008 look san francisco street within walk distance many restaurant bar shop historic area staff friendly helpful local help keep thing livelymore
5,arrival departure receive extraordinary service care maria sean friendly helpful attentive awesome great view city everything walk distance like stay old hotel one ismore
3,luxury accommodation want interesting place right heart downtown flagstaff could pace room name illustrious infamous guest include movie star notmore
4,wife love quirky theme old building general start minute step lobby giddy excitement wife japan love old everything especially elevatormore
3,flagstaff monte vista two night visit grand canyon basic keep style probably year however clean comfortable everything youmore
3,like stay historical hotel sometimes give amenity flashier even flashy chain hotel history satisfy two queen suite loltwo bedroom connect smallmore
2,interest history story monte vista outweigh quirkiness study contrast high quality bath fixture next poor sloppy paint job fairly comfy bed fade drape dirty carpet old furniture sloppymore
2,book monte vista flagstaff 23rd dec base visit grand canyon stay 2 night leave christmas day wed decide monte vista read history hotelmore
4,wednesday night thursday night pleasant bad carpet since pet You two dog cat werent go complain carpet rest roommore
1,visit flagstaff every fall see aspens change get brochure monte vista last read history room brochure look fabulous 10th anniversary excite staymore
1,told would hear train heard train loud clear enough able sleep specifically lie You ask clearly hear train saidmore
3,lot say noise already might add night watchman go regular round front window whistle jump stairs keep blind closed otherwise lots character history maybe justmore
5,four friend monte vista home base visit grand canyon vista name room famous person book freddie mercury im rave queen fanmore
5,love book middle lively town main road go noise would take ear plug come great room ofmore
1,seem cruel stick boot grand old lady many others do samebut wont stop feedback positive first charm antique brim history central negative 1 noise themore
4,historic downtown flagstaff az locate corner aspen san francisco room theme like debbie renyolds john bon jovi george babbitt list go king bed spaciousmore
4,second time monte vista last month arrive late emailed would say problem credit card try book think werent comingmore
1,positive side monte vista historical conveniently locate downtown flagstaff bit worn creaky bit quirky term decorationsall appreciate small historic hotel negative sidemore
1,book recommendation friend must weekend almost 2am people yell street window band play loud music lot drum windowsmore
1,waste money way price poor quality room amenity noisey bar patron camp room train noise bareable drunk noise pricedmore
1,far bad experience ever experience wasnt even haunt noisy train track every time one train blew whistle thought let go inmore
4,read review must admit bit leery go ahead book night wife think clean could consider age bedsmore
3,im arizona native mother law step sister law come visit make reservation monte vista first time room decorate honor famous person stayedmore
1,sorry write review monte vista enjoy several pleasant night day operate actual instead overflow area bar breathtaking far lovelymore
1,dont think clean updated since open carpet disgust decorate like classic old cheap cheesy tell movie star back day maybe thenmore
1,dirty disgusting stain quality cover vintage much like try cover filthy sheet soil carpet stale stuffy smell place may provide useful vintage tour travelmore
4,boyfriend birthday hop see ghostly activity rm 305 rock chair make sure rock chair directly face bed go dinner come backmore
1,saturday nov 5th 2007 200 wife fast asleep amaze feat consider train continuously run night long phone ring front desk many people wife say thanksmore
1,decide take wife get away north flagstaff weekend suggest location historic look feel call book inform mymore
2,friend one night may year whilst travel along route 66 guidebook list lovely historic build indeed first impression good wemore
5,travel along route 66 arizona great location clean spencer tracey bed huge high lovely coffee shop next reception coctail barmore
4,husband good time stay historic go hall read sign door state famous people room small themore
4,im glad didnt rely travel website find mom dad visit campus weekend know something well old route 66 town quality inn super 8 ughmore
2,wish read review prior book location great lack many waysthere air condition unit inquire desk seem shocked themore
4,monte v nice place want unique fun flagstaff although must like train hear night room large clean themore
1,quite simply dont even park friend look room vintage non appeal way put boot car hire young teenager stake themore
4,really enjoyed one night know train noise bar book place part charm find staff helpful pleasant contradictsmore
5,would recommend monte vista spirit adventure enjoy historic hotel appriciate unique quality like chain look wherever go might place youmore
1,book want spend little little nice place could enjoy downtown area quaint flagstaff nice thing nice leave dump tiny ugly decoration ancient tv theymore
4,checkin sign say earplug available upon request youre unsure ask one busy amtrak corridor nation train run night scene casablanca film roomsmore
2,location great dont warn train two block away pass every 45 minute night long blow whistle every time offer free ear plug front desk aremore
4,motel vista great price negotiable location allow You make several day trip grand canyon sedona sunset crater volcano etc return night pack unpacking several local eatingmore
5,dad mom si monte vista 3 night rave every identity may want inquire personality book jackmore
1,pro location er thats right middle flagstaff within constant earshot train con frat kid paradise noisy noise tolerate staff encourage even bar opeing hour ground floor frat housemore
1,extremely disappointed experience monte vista spent time look forward charm remember contrary experience anything charm fully aware anticipate train noise themore
2,checkin climb stairs third fourth floor room elevator work follow morning report hot water couple room heat didnt work properly park space limit lot wemore
2,husband past weekend two room little sleep later recommend people intend 3 first night 4th floormore
1,recommendation 1 make sure write confirmation bad experience start reservation process call two room two night month ahead arival say would either email send You confirmation one week wemore
1,beware husband plan two day trip flagstaff check internet scope local hotel want close downtown possible want make sure place pick clean comfortablemore
2,ok historic didnt expect medieval standard glad leave kitty home first allocate would enough swing fact amore
4,read review monte vista think place sound different usual hotel give try well say wasnt dissapointed great character really friendly place okmore
3,monte vista august reading review forum almost didnt im glad didnt believe read noise train bad paymore
4,drove grand canyon find place large rooftop sign book night great location downtown flagstaff midst small downtown great area walk around wasmore
1,feel imperative share experience own rendevaux martini bar wife visit bar saturday august 5th around 1000 pm even bar notmore
2,charm excited get day even great walk around different store resturants love bed time come flagstaff nonsmoking resturant bar citymore
5,brief destination itself—check web site photo history ghost story décor interest neighborhood full fun little shop seemingly inexhaustible supply place eat bed weremore
3,ahh historic monte vista spend 2 night two different room less first night cornel wilde small little cramped bathroom design munchkins clean themore
4,monte vista thursday partyers probably crazy weekend nonetheless train flagstaff run throughout night husband hat found charming find checkedmore
1,spent one horrible night live need relax even certainly provide stay monte vista first since air condition meant opening window upon doingmore
1,spent first night worst night week long vacation yes advertise build 1920s also refurbish charm well picture show line themore
3,staff little rude phone helpful need person monte v get plus locationif like go nightlife would drink tomore
2,lot character interest history definitely loud since bar downstairs downtown nightlife huge problem You actually enjoy checkedmore
1,thing historic toilet waste money waste run little teenager restaurant useless menu menu usemore
